[{
  "_id": {
    "$oid": "676bb8679041bf9cd42bcb86"
  },
  "user_id": {
    "$oid": "676a917b1d70da87d5d97c8c"
  },
  "movie_id": {
    "$oid": "676a59333bb41828b20736c5"
  },
  "username": "w",
  "comment": "great"
},
{
  "_id": {
    "$oid": "676bbcf39041bf9cd42bcb88"
  },
  "user_id": {
    "$oid": "676bb9679041bf9cd42bcb87"
  },
  "movie_id": {
    "$oid": "676a59333bb41828b20736c5"
  },
  "username": "parham",
  "comment": "Not bad\n"
},
{
  "_id": {
    "$oid": "676bdc7b9041bf9cd42bcb89"
  },
  "user_id": {
    "$oid": "676bb9679041bf9cd42bcb87"
  },
  "movie_id": {
    "$oid": "676a5c0a3bb41828b20736c9"
  },
  "username": "parham",
  "comment": "This is a good movie\n"
},
{
  "_id": {
    "$oid": "676d4b1383b0434848f7cc22"
  },
  "user_id": {
    "$oid": "676a917b1d70da87d5d97c8c"
  },
  "movie_id": {
    "$oid": "676a57503bb41828b20736c4"
  },
  "username": "w",
  "comment": "good movie\n"
}]