[{
  "_id": {
    "$oid": "6769e7e5f19a323e83832669"
  },
  "name": "mobina",
  "email": "aaaaaa",
  "password": "aaaaaaaaaaaa"
},
{
  "_id": {
    "$oid": "6769e7fef19a323e8383266a"
  },
  "name": "Mobina",
  "email": "aa",
  "password": "123"
},
{
  "_id": {
    "$oid": "676a4870e500a4da475925f5"
  },
  "name": "",
  "email": "",
  "password": ""
},
{
  "_id": {
    "$oid": "676a4a334bf989bdf507928f"
  },
  "name": "mmmm",
  "email": "mmmm",
  "password": "mmmmm"
},
{
  "_id": {
    "$oid": "676a917b1d70da87d5d97c8c"
  },
  "name": "w",
  "email": "w@w.com",
  "password": "scrypt:32768:8:1$3Pj4ILpH7DQFNPay$e88ebae527ca73e7d886bca730507a9c9f7bf7406e040eec715c6be2cdaea7a549b2a0c62975deb1702effd4ccca52812e6c00b3efbb2116e9ec58ff07a37207",
  "watchlist": [
    {
      "movie_id": {
        "$oid": "676a57503bb41828b20736c4"
      },
      "title": "The Shawshank Redemption"
    },
    {
      "movie_id": {
        "$oid": "676a5a613bb41828b20736c7"
      },
      "title": "Forrest Gump"
    },
    {
      "movie_id": {
        "$oid": "676a59333bb41828b20736c5"
      },
      "title": "The Dark Knight"
    }
  ],
  "ratings": [
    {
      "movie_id": {
        "$oid": "676a57503bb41828b20736c4"
      },
      "title": "The Shawshank Redemption",
      "rating": 9
    },
    {
      "movie_id": {
        "$oid": "676a5a613bb41828b20736c7"
      },
      "title": "Forrest Gump",
      "rating": 8
    },
    {
      "movie_id": {
        "$oid": "676a59333bb41828b20736c5"
      },
      "title": "The Dark Knight",
      "rating": 6
    }
  ]
},
{
  "_id": {
    "$oid": "676b0f54c03fc816a941a4b3"
  },
  "name": "Mani",
  "email": "m@mani.com",
  "password": "scrypt:32768:8:1$mIA97EXkesgHhTEg$2eadbf61bc2baf171512bde24e0d63a36e30b36ad02482ae913e8fb550377457b44a1ec1ac94a574fbf97ce4439a1c3ee8a1ebf660f2ac9b7182594d80e74478"
},
{
  "_id": {
    "$oid": "676bb9679041bf9cd42bcb87"
  },
  "name": "parham",
  "email": "p@p.com",
  "password": "scrypt:32768:8:1$dnEglsPAGabaSNOl$d86f181150ba78576716292b45965ff88f002e208bcd88fdd8ed61026c1b0ff76e2055da3fde1f39e6601dd0e488027195279afed8e3a64fafd751023b3bdb52",
  "ratings": [
    {
      "movie_id": {
        "$oid": "676a59333bb41828b20736c5"
      },
      "title": "The Dark Knight",
      "rating": 9
    }
  ],
  "watchlist": [
    {
      "movie_id": {
        "$oid": "676a5c0a3bb41828b20736c9"
      },
      "title": "Fight Club"
    }
  ]
},
{
  "_id": {
    "$oid": "676bb2ea47437e64f5cea442"
  },
  "name": "Mobina",
  "email": "mobinasolati2@gmail.com",
  "password": "scrypt:32768:8:1$qfmW3lJeTWqgEPKo$c77ce812a7390d2d3f48d3055dce724fe6a37e5dd65064be472c7d9a72f000cb4b4eb25483cb7be75f233ba427e5ae3d2413a8ce3aac61cd02b6ce834029e4a6",
  "ratings": [
    {
      "movie_id": {
        "$oid": "676a5c0a3bb41828b20736c9"
      },
      "title": "Fight Club",
      "rating": 9
    },
    {
      "movie_id": {
        "$oid": "676bc26d980fb647e264226b"
      },
      "title": "Terminator 2: Judgment Day",
      "rating": 4
    },
    {
      "movie_id": {
        "$oid": "676a5a613bb41828b20736c7"
      },
      "title": "Forrest Gump",
      "rating": 9
    },
    {
      "movie_id": {
        "$oid": "676bc002980fb647e2642268"
      },
      "title": "The Godfather",
      "rating": 8
    }
  ],
  "watchlist": [
    {
      "movie_id": {
        "$oid": "676a57503bb41828b20736c4"
      },
      "title": "The Shawshank Redemption"
    }
  ]
},
{
  "_id": {
    "$oid": "676c47194ced14701fd4683c"
  },
  "name": "f",
  "email": "f@f.com",
  "password": "scrypt:32768:8:1$RCkGKOk9Lk5TRYrS$5d28bc9d99c7e83021f421fde8e6e932e3eb51812fbfcee163806790f6968776ef750c1d15fb7db4852b35a9c4df3fd1a0f876deb5208836a6ca81ced479bdaf",
  "ratings": [
    {
      "movie_id": {
        "$oid": "676a5a613bb41828b20736c7"
      },
      "title": "Forrest Gump",
      "rating": 8
    }
  ]
},
{
  "_id": {
    "$oid": "676c55e886fcd5d9362806e5"
  },
  "name": "h",
  "email": "h@h.com",
  "password": "scrypt:32768:8:1$1qRAYlOvjXSJb5Zc$aefe4f81eb7c046764fceca29d79695a533cc7e887cc4d362ef5d49b00b7b147694566aa2be9f201e95d65f5827c536616eaa7cf50f916ae6a2049a4cdd517c0",
  "ratings": [
    {
      "movie_id": {
        "$oid": "676a59333bb41828b20736c5"
      },
      "title": "The Dark Knight",
      "rating": 8
    },
    {
      "movie_id": {
        "$oid": "676bc1f0980fb647e264226a"
      },
      "title": "Its a Wonderful Life",
      "rating": 7
    },
    {
      "movie_id": {
        "$oid": "676bc002980fb647e2642268"
      },
      "title": "The Godfather",
      "rating": 9
    }
  ],
  "watchlist": [
    {
      "movie_id": {
        "$oid": "676a5c0a3bb41828b20736c9"
      },
      "title": "Fight Club"
    }
  ]
},
{
  "_id": {
    "$oid": "676dba6bd7eba9359f93d7c0"
  },
  "name": "Maryam",
  "email": "Maryam@123.com",
  "password": "scrypt:32768:8:1$toT6PKb10galVWxe$e1a2833a80d2fe4eb82f38fbc891cdc4c047c077e6abc8f0f3cbc5c73d603c5a98a0151b692c41aa61ff2e58e8709876696f873f0d86f63f10d0c0fd59bb46e0",
  "ratings": [
    {
      "movie_id": {
        "$oid": "676a59333bb41828b20736c5"
      },
      "title": "The Dark Knight",
      "rating": 7
    },
    {
      "movie_id": {
        "$oid": "676c6d89c93b4b92715f05b0"
      },
      "title": "The Matrix",
      "rating": 8
    }
  ],
  "watchlist": [
    {
      "movie_id": {
        "$oid": "676a5a613bb41828b20736c7"
      },
      "title": "Forrest Gump"
    }
  ]
}]