[{
  "_id": {
    "$oid": "676bb2ea47437e64f5cea442"
  },
  "name": "Mobina",
  "email": "mobinasolati2@gmail.com",
  "password": "scrypt:32768:8:1$qfmW3lJeTWqgEPKo$c77ce812a7390d2d3f48d3055dce724fe6a37e5dd65064be472c7d9a72f000cb4b4eb25483cb7be75f233ba427e5ae3d2413a8ce3aac61cd02b6ce834029e4a6",
  "ratings": [
    {
      "movie_id": {
        "$oid": "676a5c0a3bb41828b20736c9"
      },
      "title": "Fight Club",
      "rating": 9
    },
    {
      "movie_id": {
        "$oid": "676bc26d980fb647e264226b"
      },
      "title": "Terminator 2: Judgment Day",
      "rating": 4
    },
    {
      "movie_id": {
        "$oid": "676a5a613bb41828b20736c7"
      },
      "title": "Forrest Gump",
      "rating": 9
    }
  ],
  "watchlist": []
},
{
  "_id": {
    "$oid": "676c47194ced14701fd4683c"
  },
  "name": "f",
  "email": "f@f.com",
  "password": "scrypt:32768:8:1$RCkGKOk9Lk5TRYrS$5d28bc9d99c7e83021f421fde8e6e932e3eb51812fbfcee163806790f6968776ef750c1d15fb7db4852b35a9c4df3fd1a0f876deb5208836a6ca81ced479bdaf",
  "ratings": [
    {
      "movie_id": {
        "$oid": "676a5a613bb41828b20736c7"
      },
      "title": "Forrest Gump",
      "rating": 8
    }
  ]
},
{
  "_id": {
    "$oid": "676c55e886fcd5d9362806e5"
  },
  "name": "h",
  "email": "h@h.com",
  "password": "scrypt:32768:8:1$1qRAYlOvjXSJb5Zc$aefe4f81eb7c046764fceca29d79695a533cc7e887cc4d362ef5d49b00b7b147694566aa2be9f201e95d65f5827c536616eaa7cf50f916ae6a2049a4cdd517c0",
  "ratings": [
    {
      "movie_id": {
        "$oid": "676a59333bb41828b20736c5"
      },
      "title": "The Dark Knight",
      "rating": 8
    },
    {
      "movie_id": {
        "$oid": "676bc1f0980fb647e264226a"
      },
      "title": "Its a Wonderful Life",
      "rating": 7
    },
    {
      "movie_id": {
        "$oid": "676bc002980fb647e2642268"
      },
      "title": "The Godfather",
      "rating": 9
    }
  ],
  "watchlist": [
    {
      "movie_id": {
        "$oid": "676a5c0a3bb41828b20736c9"
      },
      "title": "Fight Club"
    }
  ]
}]