[{
  "_id": {
    "$oid": "676a57503bb41828b20736c4"
  },
  "title": "The Shawshank Redemption",
  "image": "https://www.imdb.com/title/tt0111161/mediaviewer/rm1690056449/?ref_=tt_ov_i",
  "director": "Frank Darabont",
  "cast": "Tim RobbinsMorgan, FreemanBob Gunton",
  "duration": "2h 22m",
  "summary": "A banker convicted of uxoricide forms a friendship over a quarter century with a hardened convict, while maintaining his innocence and trying to remain hopeful through simple compassion.",
  "genre": "drama"
},
{
  "_id": {
    "$oid": "676a59333bb41828b20736c5"
  },
  "title": "The Dark Knight",
  "image": "https://www.imdb.com/title/tt0468569/mediaviewer/rm4023877632/?ref_=tt_ov_i",
  "director": "Christopher Nolan",
  "cast": "Christian BaleHeath, LedgerAaron Eckhart",
  "duration": "2h 32m",
  "summary": "When a menace known as the Joker wreaks havoc and chaos on the people of Gotham, Batman, James Gordon and Harvey Dent must work together to put an end to the madness.",
  "genre": "action"
},
{
  "_id": {
    "$oid": "676a5a613bb41828b20736c7"
  },
  "title": "Forrest Gump",
  "image": "https://www.imdb.com/title/tt0109830/mediaviewer/rm1954748672/?ref_=tt_ov_i",
  "director": "Robert Zemeckis",
  "cast": "Tom HanksRobin, WrightGary Sinise",
  "duration": "2h 22m",
  "summary": "The history of the United States from the 1950s to the 70s unfolds from the perspective of an Alabama man with an IQ of 75, who yearns to be reunited with his childhood sweetheart.",
  "genre": "romance"
},
{
  "_id": {
    "$oid": "676a5b5b3bb41828b20736c8"
  },
  "title": "The Lord of the Rings",
  "image": "https://www.imdb.com/title/tt0167261/mediaviewer/rm306845440/?ref_=tt_ov_i",
  "director": "Peter Jackson",
  "cast": "Elijah Wood, Ian McKellen, Viggo Mortensen",
  "duration": "2h 59m",
  "summary": "While Frodo and Sam edge closer to Mordor with the help of the shifty Gollum, the divided fellowship makes a stand against Sauron's new ally, Saruman, and his hordes of Isengard.",
  "genre": "fantasy"
},
{
  "_id": {
    "$oid": "676a5c0a3bb41828b20736c9"
  },
  "title": "Fight Club",
  "image": "https://www.imdb.com/title/tt0137523/mediaviewer/rm1412004864/?ref_=tt_ov_i",
  "director": "David Fincher",
  "cast": "Brad Pitt, Edward Norton, Meat Loaf",
  "duration": "2h 19m",
  "summary": "An insomniac office worker and a devil-may-care soap maker form an underground fight club that evolves into much more.",
  "genre": "drama"
},
{
  "_id": {
    "$oid": "676bc002980fb647e2642268"
  },
  "title": "The Godfather",
  "image": "https://www.imdb.com/title/tt0068646/mediaviewer/rm746868224/?ref_=tt_ov_i",
  "director": "Francis Ford Coppola",
  "cast": "Marlon Brando, Al Pacino, James Caan",
  "duration": "2h 55m",
  "summary": "The aging patriarch of an organized crime dynasty transfers control of his clandestine empire to his reluctant son.",
  "genre": "drama"
},
{
  "_id": {
    "$oid": "676bc132980fb647e2642269"
  },
  "title": "Star Wars",
  "image": "https://www.imdb.com/title/tt0080684/mediaviewer/rm3114097664/?ref_=tt_ov_i",
  "director": "Irvin Kershner",
  "cast": "Mark Hamill, Harrison Ford, Carrie Fisher",
  "duration": "2h 4m",
  "summary": "After the Empire overpowers the Rebel Alliance, Luke Skywalker begins his Jedi training with Yoda. At the same time, Darth Vader and bounty hunter Boba Fett pursue his friends across the galaxy.",
  "genre": "fantasy"
},
{
  "_id": {
    "$oid": "676bc1f0980fb647e264226a"
  },
  "title": "Its a Wonderful Life",
  "image": "https://www.imdb.com/title/tt0080684/mediaviewer/rm3114097664/?ref_=tt_ov_i",
  "director": "Frank Capra",
  "cast": "James Stewart, Donna Reed, Lionel Barrymore",
  "duration": "2h 10m",
  "summary": "An angel is sent from Heaven to help a desperately frustrated businessman by showing him what life would have been like if he had never existed.",
  "genre": "romance"
},
{
  "_id": {
    "$oid": "676bc26d980fb647e264226b"
  },
  "title": "Terminator 2: Judgment Day",
  "image": "https://www.imdb.com/title/tt0080684/mediaviewer/rm3114097664/?ref_=tt_ov_i",
  "director": "James Cameron",
  "cast": "Arnold Schwarzenegger, Linda Hamilton, Edward Furlong",
  "duration": "2h 17m",
  "summary": "A cyborg, identical to the one who failed to kill Sarah Connor, must now protect her ten year old son John from an even more advanced and powerful cyborg.",
  "genre": "action"
},
{
  "_id": {
    "$oid": "676c6ccac93b4b92715f05af"
  },
  "title": "Pulp Fiction",
  "image": "https://www.imdb.com/title/tt0110912/mediaviewer/rm1959546112/?ref_=tt_ov_i",
  "director": "Quentin Tarantino",
  "cast": "John Travolta, Uma Thurman, Samuel L. Jackson",
  "duration": "2h 34m",
  "summary": "The lives of two mob hitmen, a boxer, a gangster and his wife, and a pair of diner bandits intertwine in four tales of violence and redemption.",
  "genre": "crime"
},
{
  "_id": {
    "$oid": "676c6d89c93b4b92715f05b0"
  },
  "title": "The Matrix",
  "image": "https://www.imdb.com/title/tt0133093/mediaviewer/rm525547776/?ref_=tt_ov_i",
  "director": "Lana Wachowski, Lilly Wachowski",
  "cast": "Keanu Reeves, Laurence Fishburne, Carrie-Anne Moss",
  "duration": "2h 16m",
  "summary": "When a beautiful stranger leads computer hacker Neo to a forbidding underworld, he discovers the shocking truth--the life he knows is the elaborate deception of an evil cyber-intelligence.",
  "genre": "action"
},
{
  "_id": {
    "$oid": "676c6dfcc93b4b92715f05b1"
  },
  "title": "Se7en",
  "image": "https://www.imdb.com/title/tt0114369/mediaviewer/rm3116368640/?ref_=tt_ov_i",
  "director": "David Fincher",
  "cast": "Morgan Freeman, Brad Pitt, Kevin Spacey",
  "duration": "2h 7m",
  "summary": "Two detectives, a rookie and a veteran, hunt a serial killer who uses the seven deadly sins as his motives.",
  "genre": "crime"
}]